Workbook

Sheet LaggarTT
A1: Brand | B1: Артикул | C1: Description | D1: модель | E1: тип | F1: высота | G1: длина | H1: глубина | I1: сторона | J1: flow | K1: Вес нетто | L1: Вес брутто | M1: Heat Output | N1: GTIN code | P1: Расчет ТТ | Q1: Проверка
A2: - | B2: 63008524 | C2: стальная клипса BT16 | D2: - | E2: - | F2: - | G2: - | H2: - | I2: - | J2: - | K2: - | L2: -
A3: - | B3: 8755C50003 | C3: Кран Маевского | D3: - | E3: - | F3: - | G3: - | H3: - | I3: - | J3: - | K3: - | L3: -
A4: - | B4: 8755C50008 | C4: Уголок, G 1/2 10/11 | D4: - | E4: - | F4: - | G4: - | H4: - | I4: - | J4: - | K4: - | L4: -
A5: - | B5: 8755C80002 | C5: Фиксатор ПА средний | D5: - | E5: - | F5: - | G5: - | H5: - | I5: - | J5: - | K5: - | L5: -
A6: - | B6: 8755C80003 | C6: Штырек ПА средний | D6: - | E6: - | F6: - | G6: - | H6: - | I6: - | J6: - | K6: - | L6: -
A7: - | B7: 8755C80004 | C7: защитный уголок малый | D7: - | E7: - | F7: - | G7: - | H7: - | I7: - | J7: - | K7: - | L7: -
A8: - | B8: 8755C80005 | C8: защитный уголок средний | D8: - | E8: - | F8: - | G8: - | H8: - | I8: - | J8: - | K8: - | L8: -
A9: - | B9: 8755C80006 | C9: защитный уголок большой | D9: - | E9: - | F9: - | G9: - | H9: - | I9: - | J9: - | K9: - | L9: -
A10: - | B10: 8755C80007 | C10: Фиксатор ПА боковой | D10: - | E10: - | F10: - | G10: - | H10: - | I10: - | J10: - | K10: - | L10: -
A11: - | B11: 8755C80008 | C11: Штырек ПА боковой | D11: - | E11: - | F11: - | G11: - | H11: - | I11: - | J11: - | K11: - | L11: -
A12: - | B12: 8755D31130 | C12: Боковая панель 10,11 300 l | D12: - | E12: 10 | F12: 300 | G12: - | H12: - | I12: - | J12: - | K12: - | L12: -
A13: - | B13: 8755D31030 | C13: Боковая панель 10,11 300 r | D13: - | E13: 10 | F13: 300 | G13: - | H13: - | I13: - | J13: - | K13: - | L13: -
A14: - | B14: 8755D31140 | C14: Боковая панель 10,11 400 l | D14: - | E14: 10 | F14: 400 | G14: - | H14: - | I14: - | J14: - | K14: - | L14: -
A15: - | B15: 8755D31040 | C15: Боковая панель 10,11 400 r | D15: - | E15: 10 | F15: 400 | G15: - | H15: - | I15: - | J15: - | K15: - | L15: -
A16: - | B16: 8755D31150 | C16: Боковая панель 10,11 500 l | D16: - | E16: 10 | F16: 500 | G16: - | H16: - | I16: - | J16: - | K16: - | L16: -
A17: - | B17: 8755D31050 | C17: Боковая панель 10,11 500 r | D17: - | E17: 10 | F17: 500 | G17: - | H17: - | I17: - | J17: - | K17: - | L17: -
A18: - | B18: 8755D31160 | C18: Боковая панель 10,11 600 l | D18: - | E18: 10 | F18: 600 | G18: - | H18: - | I18: - | J18: - | K18: - | L18: -
A19: - | B19: 8755D31060 | C19: Боковая панель 10,11 600 r | D19: - | E19: 10 | F19: 600 | G19: - | H19: - | I19: - | J19: - | K19: - | L19: -
A20: - | B20: 8755D31190 | C20: Боковая панель 10,11 900 l | D20: - | E20: 10 | F20: 900 | G20: - | H20: - | I20: - | J20: - | K20: - | L20: -
A21: - | B21: 8755D31090 | C21: Боковая панель 10,11 900 r | D21: - | E21: 10 | F21: 900 | G21: - | H21: - | I21: - | J21: - | K21: - | L21: -
A22: - | B22: 8755D32030 | C22: Боковая панель 20,22 300 l,r | D22: - | E22: 20 | F22: 300 | G22: - | H22: - | I22: - | J22: - | K22: - | L22: -
A23: - | B23: 8755D32040 | C23: Боковая панель 20,22 400 l,r | D23: - | E23: 20 | F23: 400 | G23: - | H23: - | I23: - | J23: - | K23: - | L23: -
... A26: - | B26: 8755D32090 | C26: Боковая панель 20,22 900 l,r | D26: - | E26: 20 | F26: 900 | G26: - | H26: - | I26: - | J26: - | K26: - | L26: -
A27: - | B27: 8755D70065 | C27: Латунная заглушка | D27: - | E27: - | F27: - | G27: - | H27: - | I27: - | J27: - | K27: - | L27: -
A28: - | B28: 8755D70067 | C28: Клипса Buderus короткая | D28: - | E28: - | F28: - | G28: - | H28: - | I28: - | J28: - | K28: - | L28: -
A29: - | B29: 8755D70068 | C29: Клипса Buderus длинная | D29: - | E29: - | F29: - | G29: - | H29: - | I29: - | J29: - | K29: - | L29: -
A30: - | B30: 8755D70071 | C30: Фиксаторы (набор)-8755D70071 | D30: - | E30: - | F30: - | G30: - | H30: - | I30: - | J30: - | K30: - | L30: -
A31: - | B31: 8755D70072 | C31: Клипса (набор) | D31: - | E31: - | F31: - | G31: - | H31: - | I31: - | J31: - | K31: - | L31: -
A32: - | B32: 8755D70073 | C32: Фиксаторы (набор) | D32: - | E32: - | F32: - | G32: - | H32: - | I32: - | J32: - | K32: - | L32: -
A33: - | B33: 8755D70074 | C33: Фиксаторы (набор)-8755D70074 | D33: - | E33: - | F33: - | G33: - | H33: - | I33: - | J33: - | K33: - | L33: -
A34: - | B34: 8755D12104 | C34: Гриль 21,400 | D34: - | E34: - | F34: - | G34: 400 | H34: - | I34: - | J34: - | K34: - | L34: -
A35: - | B35: 8755D12105 | C35: Гриль 21,500 | D35: - | E35: - | F35: - | G35: 500 | H35: - | I35: - | J35: - | K35: - | L35: -
A36: - | B36: 8755D12106 | C36: Гриль 21,600 | D36: - | E36: - | F36: - | G36: 600 | H36: - | I36: - | J36: - | K36: - | L36: -
A37: - | B37: 8755D12107 | C37: Гриль 21,700 | D37: - | E37: - | F37: - | G37: 700 | H37: - | I37: - | J37: - | K37: - | L37: -
A38: - | B38: 8755D12108 | C38: Гриль 21,800 | D38: - | E38: - | F38: - | G38: 800 | H38: - | I38: - | J38: - | K38: - | L38: -
A39: - | B39: 8755D12109 | C39: Гриль 21,900 | D39: - | E39: - | F39: - | G39: 900 | H39: - | I39: - | J39: - | K39: - | L39: -
A40: - | B40: 8755D12110 | C40: Гриль 21,1000 | D40: - | E40: - | F40: - | G40: 1000 | H40: - | I40: - | J40: - | K40: - | L40: -
A41: - | B41: 8755D12111 | C41: Гриль 21,1100 | D41: - | E41: - | F41: - | G41: 1100 | H41: - | I41: - | J41: - | K41: - | L41: -
A42: - | B42: 8755D12112 | C42: Гриль 21,1200 | D42: - | E42: - | F42: - | G42: 1200 | H42: - | I42: - | J42: - | K42: - | L42: -
A43: - | B43: 8755D12113 | C43: Гриль 21,1300 | D43: - | E43: - | F43: - | G43: 1300 | H43: - | I43: - | J43: - | K43: - | L43: -
A44: - | B44: 8755D12114 | C44: Гриль 21,1400 | D44: - | E44: - | F44: - | G44: 1400 | H44: - | I44: - | J44: - | K44: - | L44: -
A45: - | B45: 8755D12116 | C45: Гриль 21,1600 | D45: - | E45: - | F45: - | G45: 1600 | H45: - | I45: - | J45: - | K45: - | L45: -
A46: - | B46: 8755D12118 | C46: Гриль 21,1800 | D46: - | E46: - | F46: - | G46: 1800
A47: - | B47: 8755D12120 | C47: Гриль 21,2000 | D47: - | E47: - | F47: - | G47: 2000 | H47: - | I47: - | J47: - | K47: - | L47: -
A48: - | B48: 8755D32130 | C48: Боковая панель 21, 300 l,r | D48: - | E48: 21 | F48: 300 | G48: - | H48: - | I48: - | J48: - | K48: - | L48: -
A49: - | B49: 8755D32140 | C49: Боковая панель 21, 400 l,r | D49: - | E49: 21 | F49: 400 | G49: - | H49: - | I49: - | J49: - | K49: - | L49: -
A50: - | B50: 8755D32150 | C50: Боковая панель 21, 500 l,r | D50: - | E50: 21 | F50: 500 | G50: - | H50: - | I50: - | J50: - | K50: - | L50: -
A51: - | B51: 8755D32160 | C51: Боковая панель 21, 600 l,r | D51: - | E51: 21 | F51: 600 | G51: - | H51: - | I51: - | J51: - | K51: - | L51: -
A52: - | B52: 8755D32190 | C52: Боковая панель 21, 900 l,r | D52: - | E52: 21 | F52: 900 | G52: - | H52: - | I52: - | J52: - | K52: - | L52: -
A53: - | B53: 8755D12204 | C53: Гриль 20,400 | D53: - | E53: - | F53: - | G53: 400 | H53: - | I53: - | J53: - | K53: - | L53: -
A54: - | B54: 8755D12205 | C54: Гриль 20,500 | D54: - | E54: - | F54: - | G54: 500 | H54: - | I54: - | J54: - | K54: - | L54: -
A55: - | B55: 8755D12206 | C55: Гриль 20,600 | D55: - | E55: - | F55: - | G55: 600 | H55: - | I55: - | J55: - | K55: - | L55: -
A56: - | B56: 8755D12207 | C56: Гриль 20,700 | D56: - | E56: - | F56: - | G56: 700 | H56: - | I56: - | J56: - | K56: - | L56: -
A57: - | B57: 8755D12208 | C57: Гриль 20,800 | D57: - | E57: - | F57: - | G57: 800 | H57: - | I57: - | J57: - | K57: - | L57: -
A58: - | B58: 8755D12209 | C58: Гриль 20,900 | D58: - | E58: - | F58: - | G58: 900 | H58: - | I58: - | J58: - | K58: - | L58: -
A59: - | B59: 8755D12210 | C59: Гриль 20,1000 | D59: - | E59: - | F59: - | G59: 1000 | H59: - | I59: - | J59: - | K59: - | L59: -
A60: - | B60: 8755D12211 | C60: Гриль 20,1100 | D60: - | E60: - | F60: - | G60: 1100 | H60: - | I60: - | J60: - | K60: - | L60: -
A61: - | B61: 8755D12212 | C61: Гриль 20,1200 | D61: - | E61: - | F61: - | G61: 1200 | H61: - | I61: - | J61: - | K61: - | L61: -
A62: - | B62: 8755D12213 | C62: Гриль 20,1300 | D62: - | E62: - | F62: - | G62: 1300 | H62: - | I62: - | J62: - | K62: - | L62: -
A63: - | B63: 8755D12214 | C63: Гриль 20,1400 | D63: - | E63: - | F63: - | G63: 1400 | H63: - | I63: - | J63: - | K63: - | L63: -
A64: - | B64: 8755D12216 | C64: Гриль 20,1600 | D64: - | E64: - | F64: - | G64: 1600 | H64: - | I64: - | J64: - | K64: - | L64: -
... A66: - | B66: 8755D12220 | C66: Гриль 20,2000 | D66: - | E66: - | F66: - | G66: 2000 | H66: - | I66: - | J66: - | K66: - | L66: -
A67: - | B67: 8755D33330 | C67: Боковая панель 30,33 300 | D67: - | E67: 30 | F67: 300 | G67: - | H67: - | I67: - | J67: - | K67: - | L67: -
A68: - | B68: 8755D33340 | C68: Боковая панель 30,33 400 | D68: - | E68: 30 | F68: 400 | G68: - | H68: - | I68: - | J68: - | K68: - | L68: -
A69: - | B69: 8755D33350 | C69: Боковая панель 30,33 500 | D69: - | E69: 30 | F69: 500 | G69: - | H69: - | I69: - | J69: - | K69: - | L69: -
A70: - | B70: 8755D33360 | C70: Боковая панель 30,33 600 | D70: - | E70: 30 | F70: 600 | G70: - | H70: - | I70: - | J70: - | K70: - | L70: -
A71: - | B71: 8755D33390 | C71: Боковая панель 30,33 900 | D71: - | E71: 30 | F71: 900 | G71: - | H71: - | I71: - | J71: - | K71: - | L71: -
A72: - | B72: 8755D13004 | C72: Гриль 30, 400 | D72: - | E72: - | F72: - | G72: 400 | H72: - | I72: - | J72: - | K72: - | L72: -
A73: - | B73: 8755D13005 | C73: Гриль 30, 500 | D73: - | E73: - | F73: - | G73: 500 | H73: - | I73: - | J73: - | K73: - | L73: -
A74: - | B74: 8755D13006 | C74: Гриль 30, 600 | D74: - | E74: - | F74: - | G74: 600 | H74: - | I74: - | J74: - | K74: - | L74: -
A75: - | B75: 8755D13007 | C75: Гриль 30, 700 | D75: - | E75: - | F75: - | G75: 700 | H75: - | I75: - | J75: - | K75: - | L75: -
A76: - | B76: 8755D13008 | C76: Гриль 30, 800 | D76: - | E76: - | F76: - | G76: 800 | H76: - | I76: - | J76: - | K76: - | L76: -
A77: - | B77: 8755D13009 | C77: Гриль 30,900 | D77: - | E77: - | F77: - | G77: 900 | H77: - | I77: - | J77: - | K77: - | L77: -
A78: - | B78: 8755D13010 | C78: Гриль 30,1000 | D78: - | E78: - | F78: - | G78: 1000 | H78: - | I78: - | J78: - | K78: - | L78: -
A79: - | B79: 8755D13011 | C79: Гриль 30,1100 | D79: - | E79: - | F79: - | G79: 1100 | H79: - | I79: - | J79: - | K79: - | L79: -
A80: - | B80: 8755D13012 | C80: Гриль 30,1200 | D80: - | E80: - | F80: - | G80: 1200 | H80: - | I80: - | J80: - | K80: - | L80: -
A81: - | B81: 8755D13013 | C81: Гриль 30,1300 | D81: - | E81: - | F81: - | G81: 1300 | H81: - | I81: - | J81: - | K81: - | L81: -
A82: - | B82: 8755D13014 | C82: Гриль 30,1400 | D82: - | E82: - | F82: - | G82: 1400 | H82: - | I82: - | J82: - | K82: - | L82: -
A83: - | B83: 8755D13016 | C83: Гриль 30,1600 | D83: - | E83: - | F83: - | G83: 1600 | H83: - | I83: - | J83: - | K83: - | L83: -
... A85: - | B85: 8755D13020 | C85: Гриль 30,2000 | D85: - | E85: - | F85: - | G85: 2000 | H85: - | I85: - | J85: - | K85: - | L85: -
A86: - | B86: 8755D12121 | C86: Гриль 21,2100 | D86: - | E86: - | F86: - | G86: 2100
A87: - | B87: 8755D12122 | C87: Гриль 21,2200 | D87: - | E87: - | F87: - | G87: 2200
A88: - | B88: 8755D12123 | C88: Гриль 21,2300 | D88: - | E88: - | F88: - | G88: 2300
A89: - | B89: 8755D12124 | C89: Гриль 21,2400 | D89: - | E89: - | F89: - | G89: 2400
A90: - | B90: 8755D12125 | C90: Гриль 21,2500 | D90: - | E90: - | F90: - | G90: 2500
A91: - | B91: 8755D12126 | C91: Гриль 21,2600 | D91: - | E91: - | F91: - | G91: 2600
A92: - | B92: 8755D12127 | C92: Гриль 21,2700 | D92: - | E92: - | F92: - | G92: 2700
A93: - | B93: 8755D12128 | C93: Гриль 21,2800 | D93: - | E93: - | F93: - | G93: 2800
A94: - | B94: 8755D12129 | C94: Гриль 21,2900 | D94: - | E94: - | F94: - | G94: 2900
A95: - | B95: 8755D12130 | C95: Гриль 21,3000 | D95: - | E95: - | F95: - | G95: 3000
A96: - | B96: 8755D12221 | C96: Гриль 20,2100 | D96: - | E96: - | F96: - | G96: 2100
A97: - | B97: 8755D12222 | C97: Гриль 20,2200 | D97: - | E97: - | F97: - | G97: 2200
... A115: - | B115: 8755D13030 | C115: Гриль 30,3000 | D115: - | E115: - | F115: - | G115: 3000
A116: - | B116: K15.4300 | C116: Настенные кронштейны для радиатора (300 мм) | D116: - | E116: - | F116: - | G116: - | H116: - | I116: - | J116: - | K116: 0.163 | L116: 0.163
A117: - | B117: K15.4400 | C117: Настенные кронштейны для радиатора (400 мм) | D117: - | E117: - | F117: - | G117: - | H117: - | I117: - | J117: - | K117: 0.222 | L117: 0.222
A118: - | B118: K15.4500 | C118: Настенные кронштейны для радиатора (500 мм) | D118: - | E118: - | F118: - | G118: - | H118: - | I118: - | J118: - | K118: 0.279 | L118: 0.279
A119: - | B119: K15.4600 | C119: Настенные кронштейны для радиатора (600 мм) | D119: - | E119: - | F119: - | G119: - | H119: - | I119: - | J119: - | K119: 0.337 | L119: 0.337
A120: - | B120: K15.4900 | C120: Настенные кронштейны для радиатора (900 мм) | D120: - | E120: - | F120: - | G120: - | H120: - | I120: - | J120: - | K120: 0.511 | L120: 0.511
A121: - | B121: K9.2L | C121: L-кронштейн для радиатора левый | D121: - | E121: - | F121: - | G121: - | H121: - | I121: - | J121: - | K121: 0.04 | L121: 0.04
...

Sheet METEOR
G1: LaggarTT
A2: 1 | B2: 7724601304 | C2: Радиатор METEOR Classic K-Profil 10/300/400 | E2: 225.04 | G2: 7724701304 | H2: =VLOOKUP(G2,LaggarTT!B128:M2557,12,0) -> 225.04 | I2: =IF(E2=H2,"Ok","NO") -> Ok
A3: 2 | B3: 7724601305 | C3: Радиатор METEOR Classic K-Profil 10/300/500 | E3: 281.3 | G3: 7724701305 | H3: =VLOOKUP(G3,LaggarTT!B129:M2558,12,0) -> 281.3 | I3: =IF(E3=H3,"Ok","NO") -> Ok
A4: 3 | B4: 7724601306 | C4: Радиатор METEOR Classic K-Profil 10/300/600 | E4: 337.56 | G4: 7724701306 | H4: =VLOOKUP(G4,LaggarTT!B130:M2559,12,0) -> 337.56 | I4: =IF(E4=H4,"Ok","NO") -> Ok
A5: 4 | B5: 7724601307 | C5: Радиатор METEOR Classic K-Profil 10/300/700 | E5: 393.82 | G5: 7724701307 | H5: =VLOOKUP(G5,LaggarTT!B131:M2560,12,0) -> 393.82 | I5: =IF(E5=H5,"Ok","NO") -> Ok
A6: 5 | B6: 7724601308 | C6: Радиатор METEOR Classic K-Profil 10/300/800 | E6: 450.08 | G6: 7724701308 | H6: =VLOOKUP(G6,LaggarTT!B132:M2561,12,0) -> 450.08 | I6: =IF(E6=H6,"Ok","NO") -> Ok
A7: 6 | B7: 7724601309 | C7: Радиатор METEOR Classic K-Profil 10/300/900 | E7: 506.34 | G7: 7724701309 | H7: =VLOOKUP(G7,LaggarTT!B133:M2562,12,0) -> 506.34 | I7: =IF(E7=H7,"Ok","NO") -> Ok
A8: 7 | B8: 7724601310 | C8: Радиатор METEOR Classic K-Profil 10/300/1000 | E8: 562.6 | G8: 7724701310 | H8: =VLOOKUP(G8,LaggarTT!B134:M2563,12,0) -> 562.6 | I8: =IF(E8=H8,"Ok","NO") -> Ok
A9: 8 | B9: 7724601311 | C9: Радиатор METEOR Classic K-Profil 10/300/1100 | E9: 618.86 | G9: 7724701311 | H9: =VLOOKUP(G9,LaggarTT!B135:M2564,12,0) -> 618.86 | I9: =IF(E9=H9,"Ok","NO") -> Ok
A10: 9 | B10: 7724601312 | C10: Радиатор METEOR Classic K-Profil 10/300/1200 | E10: 675.12 | G10: 7724701312 | H10: =VLOOKUP(G10,LaggarTT!B136:M2565,12,0) -> 675.12 | I10: =IF(E10=H10,"Ok","NO") -> Ok
A11: 10 | B11: 7724601313 | C11: Радиатор METEOR Classic K-Profil 10/300/1300 | E11: 731.38 | G11: 7724701313 | H11: =VLOOKUP(G11,LaggarTT!B137:M2566,12,0) -> 731.38 | I11: =IF(E11=H11,"Ok","NO") -> Ok
A12: 11 | B12: 7724601314 | C12: Радиатор METEOR Classic K-Profil 10/300/1400 | E12: 787.64 | G12: 7724701314 | H12: =VLOOKUP(G12,LaggarTT!B138:M2567,12,0) -> 787.64 | I12: =IF(E12=H12,"Ok","NO") -> Ok
A13: 12 | B13: 7724601315 | C13: Радиатор METEOR Classic K-Profil 10/300/1500 | E13: 843.9 | G13: 7724701315 | H13: =VLOOKUP(G13,LaggarTT!B139:M2568,12,0) -> 843.9 | I13: =IF(E13=H13,"Ok","NO") -> Ok
... A18: 17 | B18: 7724601320 | C18: Радиатор METEOR Classic K-Profil 10/300/2000 | E18: 1125.2 | G18: 7724701320 | H18: =VLOOKUP(G18,LaggarTT!B144:M2573,12,0) -> 1125.2 | I18: =IF(E18=H18,"Ok","NO") -> Ok
A19: 18 | B19: #N/A | C19: #N/A | E19: #N/A | G19: #N/A | H19: =VLOOKUP(G19,LaggarTT!B145:M2574,12,0) -> #N/A | I19: =IF(E19=H19,"Ok","NO") -> #N/A
A20: 19 | B20: #N/A | C20: #N/A | E20: #N/A | G20: #N/A | H20: =VLOOKUP(G20,LaggarTT!B146:M2575,12,0) -> #N/A | I20: =IF(E20=H20,"Ok","NO") -> #N/A
A21: 20 | B21: #N/A | C21: #N/A | E21: #N/A | G21: #N/A | H21: =VLOOKUP(G21,LaggarTT!B147:M2576,12,0) -> #N/A | I21: =IF(E21=H21,"Ok","NO") -> #N/A
A22: 21 | B22: #N/A | C22: #N/A | E22: #N/A | G22: #N/A | H22: =VLOOKUP(G22,LaggarTT!B148:M2577,12,0) -> #N/A | I22: =IF(E22=H22,"Ok","NO") -> #N/A
A23: 22 | B23: #N/A | C23: #N/A | E23: #N/A | G23: #N/A | H23: =VLOOKUP(G23,LaggarTT!B149:M2578,12,0) -> #N/A | I23: =IF(E23=H23,"Ok","NO") -> #N/A
A24: 23 | B24: #N/A | C24: #N/A | E24: #N/A | G24: #N/A | H24: =VLOOKUP(G24,LaggarTT!B150:M2579,12,0) -> #N/A | I24: =IF(E24=H24,"Ok","NO") -> #N/A
A25: 24 | B25: #N/A | C25: #N/A | E25: #N/A | G25: #N/A | H25: =VLOOKUP(G25,LaggarTT!B151:M2580,12,0) -> #N/A | I25: =IF(E25=H25,"Ok","NO") -> #N/A
A26: 25 | B26: #N/A | C26: #N/A | E26: #N/A | G26: #N/A | H26: =VLOOKUP(G26,LaggarTT!B152:M2581,12,0) -> #N/A | I26: =IF(E26=H26,"Ok","NO") -> #N/A
A27: 26 | B27: #N/A | C27: #N/A | E27: #N/A | G27: #N/A | H27: =VLOOKUP(G27,LaggarTT!B153:M2582,12,0) -> #N/A | I27: =IF(E27=H27,"Ok","NO") -> #N/A
A28: 27 | B28: #N/A | C28: #N/A | E28: #N/A | G28: #N/A | H28: =VLOOKUP(G28,LaggarTT!B154:M2583,12,0) -> #N/A | I28: =IF(E28=H28,"Ok","NO") -> #N/A
A29: 28 | B29: 7724601404 | C29: Радиатор METEOR Classic K-Profil 10/400/400 | E29: 288.0512 | G29: 7724701404 | H29: =VLOOKUP(G29,LaggarTT!B155:M2584,12,0) -> 288.0512 | I29: =IF(E29=H29,"Ok","NO") -> Ok
A30: 29 | B30: 7724601405 | C30: Радиатор METEOR Classic K-Profil 10/400/500 | E30: 360.064 | G30: 7724701405 | H30: =VLOOKUP(G30,LaggarTT!B156:M2585,12,0) -> 360.064 | I30: =IF(E30=H30,"Ok","NO") -> Ok
A31: 30 | B31: 7724601406 | C31: Радиатор METEOR Classic K-Profil 10/400/600 | E31: 432.0768 | G31: 7724701406 | H31: =VLOOKUP(G31,LaggarTT!B157:M2586,12,0) -> 432.0768 | I31: =IF(E31=H31,"Ok","NO") -> Ok
A32: 31 | B32: 7724601407 | C32: Радиатор METEOR Classic K-Profil 10/400/700 | E32: 504.0896 | G32: 7724701407 | H32: =VLOOKUP(G32,LaggarTT!B158:M2587,12,0) -> 504.0896 | I32: =IF(E32=H32,"Ok","NO") -> Ok
A33: 32 | B33: 7724601408 | C33: Радиатор METEOR Classic K-Profil 10/400/800 | E33: 576.1024 | G33: 7724701408 | H33: =VLOOKUP(G33,LaggarTT!B159:M2588,12,0) -> 576.1024 | I33: =IF(E33=H33,"Ok","NO") -> Ok
A34: 33 | B34: 7724601409 | C34: Радиатор METEOR Classic K-Profil 10/400/900 | E34: 648.1152 | G34: 7724701409 | H34: =VLOOKUP(G34,LaggarTT!B160:M2589,12,0) -> 648.1152 | I34: =IF(E34=H34,"Ok","NO") -> Ok
A35: 34 | B35: 7724601410 | C35: Радиатор METEOR Classic K-Profil 10/400/1000 | E35: 720.128 | G35: 7724701410 | H35: =VLOOKUP(G35,LaggarTT!B161:M2590,12,0) -> 720.128 | I35: =IF(E35=H35,"Ok","NO") -> Ok
A36: 35 | B36: 7724601411 | C36: Радиатор METEOR Classic K-Profil 10/400/1100 | E36: 792.1408 | G36: 7724701411 | H36: =VLOOKUP(G36,LaggarTT!B162:M2591,12,0) -> 792.1408 | I36: =IF(E36=H36,"Ok","NO") -> Ok
A37: 36 | B37: 7724601412 | C37: Радиатор METEOR Classic K-Profil 10/400/1200 | E37: 864.1536 | G37: 7724701412 | H37: =VLOOKUP(G37,LaggarTT!B163:M2592,12,0) -> 864.1536 | I37: =IF(E37=H37,"Ok","NO") -> Ok
A38: 37 | B38: 7724601413 | C38: Радиатор METEOR Classic K-Profil 10/400/1300 | E38: 936.1664 | G38: 7724701413 | H38: =VLOOKUP(G38,LaggarTT!B164:M2593,12,0) -> 936.1664 | I38: =IF(E38=H38,"Ok","NO") -> Ok
A39: 38 | B39: 7724601414 | C39: Радиатор METEOR Classic K-Profil 10/400/1400 | E39: 1008.1792 | G39: 7724701414 | H39: =VLOOKUP(G39,LaggarTT!B165:M2594,12,0) -> 1008.1792 | I39: =IF(E39=H39,"Ok","NO") -> Ok
A40: 39 | B40: 7724601415 | C40: Радиатор METEOR Classic K-Profil 10/400/1500 | E40: 1080.192 | G40: 7724701415 | H40: =VLOOKUP(G40,LaggarTT!B166:M2595,12,0) -> 1080.192 | I40: =IF(E40=H40,"Ok","NO") -> Ok
... A45: 44 | B45: 7724601420 | C45: Радиатор METEOR Classic K-Profil 10/400/2000 | E45: 1440.256 | G45: 7724701420 | H45: =VLOOKUP(G45,LaggarTT!B171:M2600,12,0) -> 1440.256 | I45: =IF(E45=H45,"Ok","NO") -> Ok
A46: 45 | B46: #N/A | C46: #N/A | E46: #N/A | G46: #N/A | H46: =VLOOKUP(G46,LaggarTT!B172:M2601,12,0) -> #N/A | I46: =IF(E46=H46,"Ok","NO") -> #N/A
A47: 46 | B47: #N/A | C47: #N/A | E47: #N/A | G47: #N/A | H47: =VLOOKUP(G47,LaggarTT!B173:M2602,12,0) -> #N/A | I47: =IF(E47=H47,"Ok","NO") -> #N/A
A48: 47 | B48: #N/A | C48: #N/A | E48: #N/A | G48: #N/A | H48: =VLOOKUP(G48,LaggarTT!B174:M2603,12,0) -> #N/A | I48: =IF(E48=H48,"Ok","NO") -> #N/A
A49: 48 | B49: #N/A | C49: #N/A | E49: #N/A | G49: #N/A | H49: =VLOOKUP(G49,LaggarTT!B175:M2604,12,0) -> #N/A | I49: =IF(E49=H49,"Ok","NO") -> #N/A
A50: 49 | B50: #N/A | C50: #N/A | E50: #N/A | G50: #N/A | H50: =VLOOKUP(G50,LaggarTT!B176:M2605,12,0) -> #N/A | I50: =IF(E50=H50,"Ok","NO") -> #N/A
A51: 50 | B51: #N/A | C51: #N/A | E51: #N/A | G51: #N/A | H51: =VLOOKUP(G51,LaggarTT!B177:M2606,12,0) -> #N/A | I51: =IF(E51=H51,"Ok","NO") -> #N/A
A52: 51 | B52: #N/A | C52: #N/A | E52: #N/A | G52: #N/A | H52: =VLOOKUP(G52,LaggarTT!B178:M2607,12,0) -> #N/A | I52: =IF(E52=H52,"Ok","NO") -> #N/A
A53: 52 | B53: #N/A | C53: #N/A | E53: #N/A | G53: #N/A | H53: =VLOOKUP(G53,LaggarTT!B179:M2608,12,0) -> #N/A | I53: =IF(E53=H53,"Ok","NO") -> #N/A
A54: 53 | B54: #N/A | C54: #N/A | E54: #N/A | G54: #N/A | H54: =VLOOKUP(G54,LaggarTT!B180:M2609,12,0) -> #N/A | I54: =IF(E54=H54,"Ok","NO") -> #N/A
A55: 54 | B55: #N/A | C55: #N/A | E55: #N/A | G55: #N/A | H55: =VLOOKUP(G55,LaggarTT!B181:M2610,12,0) -> #N/A | I55: =IF(E55=H55,"Ok","NO") -> #N/A
A56: 55 | B56: 7724601504 | C56: Радиатор METEOR Classic K-Profil 10/500/400 | E56: 365.69 | G56: 7724701504 | H56: =VLOOKUP(G56,LaggarTT!B182:M2611,12,0) -> 365.69 | I56: =IF(E56=H56,"Ok","NO") -> Ok
A57: 56 | B57: 7724601505 | C57: Радиатор METEOR Classic K-Profil 10/500/500 | E57: 457.1125 | G57: 7724701505 | H57: =VLOOKUP(G57,LaggarTT!B183:M2612,12,0) -> 457.1125 | I57: =IF(E57=H57,"Ok","NO") -> Ok
A58: 57 | B58: 7724601506 | C58: Радиатор METEOR Classic K-Profil 10/500/600 | E58: 548.535 | G58: 7724701506 | H58: =VLOOKUP(G58,LaggarTT!B184:M2613,12,0) -> 548.535 | I58: =IF(E58=H58,"Ok","NO") -> Ok
A59: 58 | B59: 7724601507 | C59: Радиатор METEOR Classic K-Profil 10/500/700 | E59: 639.9575 | G59: 7724701507 | H59: =VLOOKUP(G59,LaggarTT!B185:M2614,12,0) -> 639.9575 | I59: =IF(E59=H59,"Ok","NO") -> Ok
A60: 59 | B60: 7724601508 | C60: Радиатор METEOR Classic K-Profil 10/500/800 | E60: 731.38 | G60: 7724701508 | H60: =VLOOKUP(G60,LaggarTT!B186:M2615,12,0) -> 731.38 | I60: =IF(E60=H60,"Ok","NO") -> Ok
A61: 60 | B61: 7724601509 | C61: Радиатор METEOR Classic K-Profil 10/500/900 | E61: 822.8025 | G61: 7724701509 | H61: =VLOOKUP(G61,LaggarTT!B187:M2616,12,0) -> 822.8025 | I61: =IF(E61=H61,"Ok","NO") -> Ok
A62: 61 | B62: 7724601510 | C62: Радиатор METEOR Classic K-Profil 10/500/1000 | E62: 914.225 | G62: 7724701510 | H62: =VLOOKUP(G62,LaggarTT!B188:M2617,12,0) -> 914.225 | I62: =IF(E62=H62,"Ok","NO") -> Ok
A63: 62 | B63: 7724601511 | C63: Радиатор METEOR Classic K-Profil 10/500/1100 | E63: 1005.6475 | G63: 7724701511 | H63: =VLOOKUP(G63,LaggarTT!B189:M2618,12,0) -> 1005.6475 | I63: =IF(E63=H63,"Ok","NO") -> Ok
A64: 63 | B64: 7724601512 | C64: Радиатор METEOR Classic K-Profil 10/500/1200 | E64: 1097.07 | G64: 7724701512 | H64: =VLOOKUP(G64,LaggarTT!B190:M2619,12,0) -> 1097.07 | I64: =IF(E64=H64,"Ok","NO") -> Ok
A65: 64 | B65: 7724601513 | C65: Радиатор METEOR Classic K-Profil 10/500/1300 | E65: 1188.4925 | G65: 7724701513 | H65: =VLOOKUP(G65,LaggarTT!B191:M2620,12,0) -> 1188.4925 | I65: =IF(E65=H65,"Ok","NO") -> Ok
A66: 65 | B66: 7724601514 | C66: Радиатор METEOR Classic K-Profil 10/500/1400 | E66: 1279.915 | G66: 7724701514 | H66: =VLOOKUP(G66,LaggarTT!B192:M2621,12,0) -> 1279.915 | I66: =IF(E66=H66,"Ok","NO") -> Ok
A67: 66 | B67: 7724601515 | C67: Радиатор METEOR Classic K-Profil 10/500/1500 | E67: 1371.3375 | G67: 7724701515 | H67: =VLOOKUP(G67,LaggarTT!B193:M2622,12,0) -> 1371.3375 | I67: =IF(E67=H67,"Ok","NO") -> Ok
... A72: 71 | B72: 7724601520 | C72: Радиатор METEOR Classic K-Profil 10/500/2000 | E72: 1828.45 | G72: 7724701520 | H72: =VLOOKUP(G72,LaggarTT!B198:M2627,12,0) -> 1828.45 | I72: =IF(E72=H72,"Ok","NO") -> Ok
A73: 72 | B73: #N/A | C73: #N/A | E73: #N/A | G73: #N/A | H73: =VLOOKUP(G73,LaggarTT!B199:M2628,12,0) -> #N/A | I73: =IF(E73=H73,"Ok","NO") -> #N/A
A74: 73 | B74: #N/A | C74: #N/A | E74: #N/A | G74: #N/A | H74: =VLOOKUP(G74,LaggarTT!B200:M2629,12,0) -> #N/A | I74: =IF(E74=H74,"Ok","NO") -> #N/A
A75: 74 | B75: #N/A | C75: #N/A | E75: #N/A | G75: #N/A | H75: =VLOOKUP(G75,LaggarTT!B201:M2630,12,0) -> #N/A | I75: =IF(E75=H75,"Ok","NO") -> #N/A
A76: 75 | B76: #N/A | C76: #N/A | E76: #N/A | G76: #N/A | H76: =VLOOKUP(G76,LaggarTT!B202:M2631,12,0) -> #N/A | I76: =IF(E76=H76,"Ok","NO") -> #N/A
A77: 76 | B77: #N/A | C77: #N/A | E77: #N/A | G77: #N/A | H77: =VLOOKUP(G77,LaggarTT!B203:M2632,12,0) -> #N/A | I77: =IF(E77=H77,"Ok","NO") -> #N/A
A78: 77 | B78: #N/A | C78: #N/A | E78: #N/A | G78: #N/A | H78: =VLOOKUP(G78,LaggarTT!B204:M2633,12,0) -> #N/A | I78: =IF(E78=H78,"Ok","NO") -> #N/A
A79: 78 | B79: #N/A | C79: #N/A | E79: #N/A | G79: #N/A | H79: =VLOOKUP(G79,LaggarTT!B205:M2634,12,0) -> #N/A | I79: =IF(E79=H79,"Ok","NO") -> #N/A
A80: 79 | B80: #N/A | C80: #N/A | E80: #N/A | G80: #N/A | H80: =VLOOKUP(G80,LaggarTT!B206:M2635,12,0) -> #N/A | I80: =IF(E80=H80,"Ok","NO") -> #N/A
A81: 80 | B81: #N/A | C81: #N/A | E81: #N/A | G81: #N/A | H81: =VLOOKUP(G81,LaggarTT!B207:M2636,12,0) -> #N/A | I81: =IF(E81=H81,"Ok","NO") -> #N/A
A82: 81 | B82: #N/A | C82: #N/A | E82: #N/A | G82: #N/A | H82: =VLOOKUP(G82,LaggarTT!B208:M2637,12,0) -> #N/A | I82: =IF(E82=H82,"Ok","NO") -> #N/A
A83: 82 | B83: 7724601604 | C83: Радиатор METEOR Classic K-Profil 10/600/400 | E83: 423.0752 | G83: 7724701604 | H83: =VLOOKUP(G83,LaggarTT!B209:M2638,12,0) -> 423.0752 | I83: =IF(E83=H83,"Ok","NO") -> Ok
A84: 83 | B84: 7724601605 | C84: Радиатор METEOR Classic K-Profil 10/600/500 | E84: 528.844 | G84: 7724701605 | H84: =VLOOKUP(G84,LaggarTT!B210:M2639,12,0) -> 528.844 | I84: =IF(E84=H84,"Ok","NO") -> Ok
A85: 84 | B85: 7724601606 | C85: Радиатор METEOR Classic K-Profil 10/600/600 | E85: 634.6128 | G85: 7724701606 | H85: =VLOOKUP(G85,LaggarTT!B211:M2640,12,0) -> 634.6128 | I85: =IF(E85=H85,"Ok","NO") -> Ok
A86: 85 | B86: 7724601607 | C86: Радиатор METEOR Classic K-Profil 10/600/700 | E86: 740.3816 | G86: 7724701607 | H86: =VLOOKUP(G86,LaggarTT!B212:M2641,12,0) -> 740.3816 | I86: =IF(E86=H86,"Ok","NO") -> Ok
A87: 86 | B87: 7724601608 | C87: Радиатор METEOR Classic K-Profil 10/600/800 | E87: 846.1504 | G87: 7724701608 | H87: =VLOOKUP(G87,LaggarTT!B213:M2642,12,0) -> 846.1504 | I87: =IF(E87=H87,"Ok","NO") -> Ok
A88: 87 | B88: 7724601609 | C88: Радиатор METEOR Classic K-Profil 10/600/900 | E88: 951.9192 | G88: 7724701609 | H88: =VLOOKUP(G88,LaggarTT!B214:M2643,12,0) -> 951.9192 | I88: =IF(E88=H88,"Ok","NO") -> Ok
A89: 88 | B89: 7724601610 | C89: Радиатор METEOR Classic K-Profil 10/600/1000 | E89: 1057.688 | G89: 7724701610 | H89: =VLOOKUP(G89,LaggarTT!B215:M2644,12,0) -> 1057.688 | I89: =IF(E89=H89,"Ok","NO") -> Ok
A90: 89 | B90: 7724601611 | C90: Радиатор METEOR Classic K-Profil 10/600/1100 | E90: 1163.4568 | G90: 7724701611 | H90: =VLOOKUP(G90,LaggarTT!B216:M2645,12,0) -> 1163.4568 | I90: =IF(E90=H90,"Ok","NO") -> Ok
A91: 90 | B91: 7724601612 | C91: Радиатор METEOR Classic K-Profil 10/600/1200 | E91: 1269.2256 | G91: 7724701612 | H91: =VLOOKUP(G91,LaggarTT!B217:M2646,12,0) -> 1269.2256 | I91: =IF(E91=H91,"Ok","NO") -> Ok
A92: 91 | B92: 7724601613 | C92: Радиатор METEOR Classic K-Profil 10/600/1300 | E92: 1374.9944 | G92: 7724701613 | H92: =VLOOKUP(G92,LaggarTT!B218:M2647,12,0) -> 1374.9944 | I92: =IF(E92=H92,"Ok","NO") -> Ok
A93: 92 | B93: 7724601614 | C93: Радиатор METEOR Classic K-Profil 10/600/1400 | E93: 1480.7632 | G93: 7724701614 | H93: =VLOOKUP(G93,LaggarTT!B219:M2648,12,0) -> 1480.7632 | I93: =IF(E93=H93,"Ok","NO") -> Ok
A94: 93 | B94: 7724601615 | C94: Радиатор METEOR Classic K-Profil 10/600/1500 | E94: 1586.532 | G94: 7724701615 | H94: =VLOOKUP(G94,LaggarTT!B220:M2649,12,0) -> 1586.532 | I94: =IF(E94=H94,"Ok","NO") -> Ok
... A99: 98 | B99: 7724601620 | C99: Радиатор METEOR Classic K-Profil 10/600/2000 | E99: 2115.376 | G99: 7724701620 | H99: =VLOOKUP(G99,LaggarTT!B225:M2654,12,0) -> 2115.376 | I99: =IF(E99=H99,"Ok","NO") -> Ok
A100: 99 | B100: #N/A | C100: #N/A | E100: #N/A | G100: #N/A | H100: =VLOOKUP(G100,LaggarTT!B226:M2655,12,0) -> #N/A | I100: =IF(E100=H100,"Ok","NO") -> #N/A
A101: 100 | B101: #N/A | C101: #N/A | E101: #N/A | G101: #N/A | H101: =VLOOKUP(G101,LaggarTT!B227:M2656,12,0) -> #N/A | I101: =IF(E101=H101,"Ok","NO") -> #N/A
A102: 101 | B102: #N/A | C102: #N/A | E102: #N/A | G102: #N/A | H102: =VLOOKUP(G102,LaggarTT!B228:M2657,12,0) -> #N/A | I102: =IF(E102=H102,"Ok","NO") -> #N/A
A103: 102 | B103: #N/A | C103: #N/A | E103: #N/A | G103: #N/A | H103: =VLOOKUP(G103,LaggarTT!B229:M2658,12,0) -> #N/A | I103: =IF(E103=H103,"Ok","NO") -> #N/A
A104: 103 | B104: #N/A | C104: #N/A | E104: #N/A | G104: #N/A | H104: =VLOOKUP(G104,LaggarTT!B230:M2659,12,0) -> #N/A | I104: =IF(E104=H104,"Ok","NO") -> #N/A
A105: 104 | B105: #N/A | C105: #N/A | E105: #N/A | G105: #N/A | H105: =VLOOKUP(G105,LaggarTT!B231:M2660,12,0) -> #N/A | I105: =IF(E105=H105,"Ok","NO") -> #N/A
A106: 105 | B106: #N/A | C106: #N/A | E106: #N/A | G106: #N/A | H106: =VLOOKUP(G106,LaggarTT!B232:M2661,12,0) -> #N/A | I106: =IF(E106=H106,"Ok","NO") -> #N/A
A107: 106 | B107: #N/A | C107: #N/A | E107: #N/A | G107: #N/A | H107: =VLOOKUP(G107,LaggarTT!B233:M2662,12,0) -> #N/A | I107: =IF(E107=H107,"Ok","NO") -> #N/A
A108: 107 | B108: #N/A | C108: #N/A | E108: #N/A | G108: #N/A | H108: =VLOOKUP(G108,LaggarTT!B234:M2663,12,0) -> #N/A | I108: =IF(E108=H108,"Ok","NO") -> #N/A
A109: 108 | B109: #N/A | C109: #N/A | E109: #N/A | G109: #N/A | H109: =VLOOKUP(G109,LaggarTT!B235:M2664,12,0) -> #N/A | I109: =IF(E109=H109,"Ok","NO") -> #N/A
A110: 109 | B110: 7724601904 | C110: Радиатор METEOR Classic K-Profil 10/900/400 | E110: 594.1056 | G110: 7724701904 | H110: =VLOOKUP(G110,LaggarTT!B236:M2665,12,0) -> 594.1056 | I110: =IF(E110=H110,"Ok","NO") -> Ok
A111: 110 | B111: 7724601905 | C111: Радиатор METEOR Classic K-Profil 10/900/500 | E111: 742.632 | G111: 7724701905 | H111: =VLOOKUP(G111,LaggarTT!B237:M2666,12,0) -> 742.632 | I111: =IF(E111=H111,"Ok","NO") -> Ok
A112: 111 | B112: 7724601906 | C112: Радиатор METEOR Classic K-Profil 10/900/600 | E112: 891.1584 | G112: 7724701906 | H112: =VLOOKUP(G112,LaggarTT!B238:M2667,12,0) -> 891.1584 | I112: =IF(E112=H112,"Ok","NO") -> Ok
A113: 112 | B113: 7724601907 | C113: Радиатор METEOR Classic K-Profil 10/900/700 | E113: 1039.6848 | G113: 7724701907 | H113: =VLOOKUP(G113,LaggarTT!B239:M2668,12,0) -> 1039.6848 | I113: =IF(E113=H113,"Ok","NO") -> Ok
A114: 113 | B114: 7724601908 | C114: Радиатор METEOR Classic K-Profil 10/900/800 | E114: 1188.2112 | G114: 7724701908 | H114: =VLOOKUP(G114,LaggarTT!B240:M2669,12,0) -> 1188.2112 | I114: =IF(E114=H114,"Ok","NO") -> Ok
A115: 114 | B115: 7724601909 | C115: Радиатор METEOR Classic K-Profil 10/900/900 | E115: 1336.7376 | G115: 7724701909 | H115: =VLOOKUP(G115,LaggarTT!B241:M2670,12,0) -> 1336.7376 | I115: =IF(E115=H115,"Ok","NO") -> Ok
A116: 115 | B116: 7724601910 | C116: Радиатор METEOR Classic K-Profil 10/900/1000 | E116: 1485.264 | G116: 7724701910 | H116: =VLOOKUP(G116,LaggarTT!B242:M2671,12,0) -> 1485.264 | I116: =IF(E116=H116,"Ok","NO") -> Ok
...
